[
  {
    "ValidationIndex": 1,
    "Table": "dbo.customer",
    "ValidationType": "Row-level",
    "Column": "",
    "SourceResult": "[(4,)]",
    "TargetResult": "[(5,)]",
    "Match": false,
    "Timestamp": "2025-04-18 12:09:23.722783"
  },
  {
    "ValidationIndex": 2,
    "Table": "dbo.customer",
    "ValidationType": "Row-level",
    "Column": "",
    "SourceResult": "[(1,), (2,), (3,), (4,)]",
    "TargetResult": "[(1,), (2,), (3,), (4,), (5,)]",
    "Match": false,
    "Timestamp": "2025-04-18 12:09:23.725387"
  },
  {
    "ValidationIndex": 3,
    "Table": "dbo.orders",
    "ValidationType": "Row-level",
    "Column": "",
    "SourceResult": "[(4,)]",
    "TargetResult": "[(5,)]",
    "Match": false,
    "Timestamp": "2025-04-18 12:09:23.729823"
  },
  {
    "ValidationIndex": 4,
    "Table": "dbo.orders",
    "ValidationType": "Row-level",
    "Column": "",
    "SourceResult": "[(1,), (2,), (3,), (4,)]",
    "TargetResult": "[(1,), (2,), (3,), (4,), (5,)]",
    "Match": false,
    "Timestamp": "2025-04-18 12:09:23.734879"
  },
  {
    "ValidationIndex": 5,
    "Table": "INFORMATION_SCHEMA.COLUMNS",
    "ValidationType": "Column-level",
    "Column": "customer_key",
    "SourceResult": "[('int',)]",
    "TargetResult": "[('int',)]",
    "Match": true,
    "Timestamp": "2025-04-18 12:09:23.885899"
  },
  {
    "ValidationIndex": 6,
    "Table": "INFORMATION_SCHEMA.COLUMNS",
    "ValidationType": "Column-level",
    "Column": "name",
    "SourceResult": "[('varchar',)]",
    "TargetResult": "[('varchar',)]",
    "Match": true,
    "Timestamp": "2025-04-18 12:09:23.967935"
  },
  {
    "ValidationIndex": 7,
    "Table": "INFORMATION_SCHEMA.COLUMNS",
    "ValidationType": "Column-level",
    "Column": "phone",
    "SourceResult": "[('varchar',)]",
    "TargetResult": "[('varchar',)]",
    "Match": true,
    "Timestamp": "2025-04-18 12:09:24.043510"
  },
  {
    "ValidationIndex": 8,
    "Table": "INFORMATION_SCHEMA.COLUMNS",
    "ValidationType": "Column-level",
    "Column": "email_id",
    "SourceResult": "[('varchar',)]",
    "TargetResult": "[('varchar',)]",
    "Match": true,
    "Timestamp": "2025-04-18 12:09:24.129708"
  },
  {
    "ValidationIndex": 9,
    "Table": "INFORMATION_SCHEMA.COLUMNS",
    "ValidationType": "Column-level",
    "Column": "orderid",
    "SourceResult": "[('int',)]",
    "TargetResult": "[('int',)]",
    "Match": true,
    "Timestamp": "2025-04-18 12:09:24.211781"
  },
  {
    "ValidationIndex": 10,
    "Table": "INFORMATION_SCHEMA.COLUMNS",
    "ValidationType": "Column-level",
    "Column": "customer_key",
    "SourceResult": "[('int',)]",
    "TargetResult": "[('int',)]",
    "Match": true,
    "Timestamp": "2025-04-18 12:09:24.286464"
  },
  {
    "ValidationIndex": 11,
    "Table": "INFORMATION_SCHEMA.COLUMNS",
    "ValidationType": "Column-level",
    "Column": "order_amount",
    "SourceResult": "[('decimal',)]",
    "TargetResult": "[('decimal',)]",
    "Match": true,
    "Timestamp": "2025-04-18 12:09:24.360524"
  },
  {
    "ValidationIndex": 12,
    "Table": "INFORMATION_SCHEMA.COLUMNS",
    "ValidationType": "Column-level",
    "Column": "item_quantity",
    "SourceResult": "[('int',)]",
    "TargetResult": "[('int',)]",
    "Match": true,
    "Timestamp": "2025-04-18 12:09:24.445687"
  },
  {
    "ValidationIndex": 13,
    "Table": "INFORMATION_SCHEMA.COLUMNS",
    "ValidationType": "Column-level",
    "Column": "price",
    "SourceResult": "[('decimal',)]",
    "TargetResult": "[('decimal',)]",
    "Match": true,
    "Timestamp": "2025-04-18 12:09:24.526451"
  },
  {
    "ValidationIndex": 14,
    "Table": "dbo.customer",
    "ValidationType": "Column-level",
    "Column": "customer_key",
    "SourceResult": "[(0,)]",
    "TargetResult": "[(0,)]",
    "Match": true,
    "Timestamp": "2025-04-18 12:09:24.550298"
  },
  {
    "ValidationIndex": 15,
    "Table": "dbo.customer",
    "ValidationType": "Column-level",
    "Column": "name",
    "SourceResult": "[(0,)]",
    "TargetResult": "[(0,)]",
    "Match": true,
    "Timestamp": "2025-04-18 12:09:24.554338"
  },
  {
    "ValidationIndex": 16,
    "Table": "dbo.customer",
    "ValidationType": "Column-level",
    "Column": "phone",
    "SourceResult": "[(0,)]",
    "TargetResult": "[(0,)]",
    "Match": true,
    "Timestamp": "2025-04-18 12:09:24.558797"
  },
  {
    "ValidationIndex": 17,
    "Table": "dbo.customer",
    "ValidationType": "Column-level",
    "Column": "email_id",
    "SourceResult": "[(0,)]",
    "TargetResult": "[(2,)]",
    "Match": false,
    "Timestamp": "2025-04-18 12:09:24.562475"
  },
  {
    "ValidationIndex": 18,
    "Table": "dbo.orders",
    "ValidationType": "Column-level",
    "Column": "orderid",
    "SourceResult": "[(0,)]",
    "TargetResult": "[(0,)]",
    "Match": true,
    "Timestamp": "2025-04-18 12:09:24.566997"
  },
  {
    "ValidationIndex": 19,
    "Table": "dbo.orders",
    "ValidationType": "Column-level",
    "Column": "customer_key",
    "SourceResult": "[(0,)]",
    "TargetResult": "[(0,)]",
    "Match": true,
    "Timestamp": "2025-04-18 12:09:24.571351"
  },
  {
    "ValidationIndex": 20,
    "Table": "dbo.orders",
    "ValidationType": "Column-level",
    "Column": "order_amount",
    "SourceResult": "[(0,)]",
    "TargetResult": "[(0,)]",
    "Match": true,
    "Timestamp": "2025-04-18 12:09:24.575544"
  },
  {
    "ValidationIndex": 21,
    "Table": "dbo.orders",
    "ValidationType": "Column-level",
    "Column": "item_quantity",
    "SourceResult": "[(0,)]",
    "TargetResult": "[(0,)]",
    "Match": true,
    "Timestamp": "2025-04-18 12:09:24.579234"
  },
  {
    "ValidationIndex": 22,
    "Table": "dbo.orders",
    "ValidationType": "Column-level",
    "Column": "price",
    "SourceResult": "[(0,)]",
    "TargetResult": "[(0,)]",
    "Match": true,
    "Timestamp": "2025-04-18 12:09:24.583779"
  },
  {
    "ValidationIndex": 23,
    "Table": "INFORMATION_SCHEMA.COLUMNS",
    "ValidationType": "Table-level",
    "Column": "",
    "SourceResult": "[('postmigration', 'dbo', 'customer', 'customer_key', 1, None, 'NO', 'int', None, None, 10, 10, 0, None, None, None, None, None, None, None, None, None, None), ('postmigration', 'dbo', 'customer', 'name', 2, None, 'YES', 'varchar', 100, 100, None, None, None, None, None, None, 'iso_1', None, None, 'SQL_Latin1_General_CP1_CI_AS', None, None, None), ('postmigration', 'dbo', 'customer', 'phone', 3, None, 'YES', 'varchar', 15, 15, None, None, None, None, None, None, 'iso_1', None, None, 'SQL_Latin1_General_CP1_CI_AS', None, None, None), ('postmigration', 'dbo', 'customer', 'email_id', 4, None, 'YES', 'varchar', 100, 100, None, None, None, None, None, None, 'iso_1', None, None, 'SQL_Latin1_General_CP1_CI_AS', None, None, None)]",
    "TargetResult": "[('postmigrationd', 'dbo', 'customer', 'customer_key', 1, None, 'NO', 'int', None, None, 10, 10, 0, None, None, None, None, None, None, None, None, None, None), ('postmigrationd', 'dbo', 'customer', 'name', 2, None, 'YES', 'varchar', 100, 100, None, None, None, None, None, None, 'iso_1', None, None, 'SQL_Latin1_General_CP1_CI_AS', None, None, None), ('postmigrationd', 'dbo', 'customer', 'phone', 3, None, 'YES', 'varchar', 15, 15, None, None, None, None, None, None, 'iso_1', None, None, 'SQL_Latin1_General_CP1_CI_AS', None, None, None), ('postmigrationd', 'dbo', 'customer', 'email_id', 4, None, 'YES', 'varchar', 100, 100, None, None, None, None, None, None, 'iso_1', None, None, 'SQL_Latin1_General_CP1_CI_AS', None, None, None)]",
    "Match": false,
    "Timestamp": "2025-04-18 12:09:24.669131"
  },
  {
    "ValidationIndex": 24,
    "Table": "INFORMATION_SCHEMA.COLUMNS",
    "ValidationType": "Table-level",
    "Column": "",
    "SourceResult": "[('postmigration', 'dbo', 'orders', 'orderid', 1, None, 'NO', 'int', None, None, 10, 10, 0, None, None, None, None, None, None, None, None, None, None), ('postmigration', 'dbo', 'orders', 'customer_key', 2, None, 'YES', 'int', None, None, 10, 10, 0, None, None, None, None, None, None, None, None, None, None), ('postmigration', 'dbo', 'orders', 'order_amount', 3, None, 'YES', 'decimal', None, None, 10, 10, 2, None, None, None, None, None, None, None, None, None, None), ('postmigration', 'dbo', 'orders', 'item_quantity', 4, None, 'YES', 'int', None, None, 10, 10, 0, None, None, None, None, None, None, None, None, None, None), ('postmigration', 'dbo', 'orders', 'price', 5, None, 'YES', 'decimal', None, None, 10, 10, 2, None, None, None, None, None, None, None, None, None, None)]",
    "TargetResult": "[('postmigrationd', 'dbo', 'orders', 'orderid', 1, None, 'NO', 'int', None, None, 10, 10, 0, None, None, None, None, None, None, None, None, None, None), ('postmigrationd', 'dbo', 'orders', 'customer_key', 2, None, 'YES', 'int', None, None, 10, 10, 0, None, None, None, None, None, None, None, None, None, None), ('postmigrationd', 'dbo', 'orders', 'order_amount', 3, None, 'YES', 'decimal', None, None, 10, 10, 2, None, None, None, None, None, None, None, None, None, None), ('postmigrationd', 'dbo', 'orders', 'item_quantity', 4, None, 'YES', 'int', None, None, 10, 10, 0, None, None, None, None, None, None, None, None, None, None), ('postmigrationd', 'dbo', 'orders', 'price', 5, None, 'YES', 'decimal', None, None, 10, 10, 2, None, None, None, None, None, None, None, None, None, None)]",
    "Match": false,
    "Timestamp": "2025-04-18 12:09:24.759375"
  },
  {
    "ValidationIndex": 25,
    "Table": "dbo.orders",
    "ValidationType": "Table-level",
    "Column": "",
    "SourceResult": "[]",
    "TargetResult": "[]",
    "Match": true,
    "Timestamp": "2025-04-18 12:09:24.768757"
  },
  {
    "ValidationIndex": 26,
    "Table": "dbo.customer",
    "ValidationType": "Table-level",
    "Column": "",
    "SourceResult": "[]",
    "TargetResult": "[]",
    "Match": true,
    "Timestamp": "2025-04-18 12:09:24.776097"
  }
]