{
    "customer": {
        "columns": [
            {
                "name": "customer_key",
                "type": "int",
                "nullable": "NO",
                "max_length": null
            },
            {
                "name": "name",
                "type": "varchar",
                "nullable": "YES",
                "max_length": 100
            },
            {
                "name": "phone",
                "type": "varchar",
                "nullable": "YES",
                "max_length": 15
            },
            {
                "name": "email_id",
                "type": "varchar",
                "nullable": "YES",
                "max_length": 100
            }
        ],
        "primary_keys": [
            "customer_key",
            "customer_key",
            "customer_key",
            "customer_key",
            "customer_key",
            "customer_key",
            "customer_key",
            "customer_key",
            "customer_key"
        ]
    },
    "orders": {
        "columns": [
            {
                "name": "orderid",
                "type": "int",
                "nullable": "NO",
                "max_length": null
            },
            {
                "name": "customer_key",
                "type": "int",
                "nullable": "YES",
                "max_length": null
            },
            {
                "name": "order_amount",
                "type": "decimal",
                "nullable": "YES",
                "max_length": null
            },
            {
                "name": "item_quantity",
                "type": "int",
                "nullable": "YES",
                "max_length": null
            },
            {
                "name": "price",
                "type": "decimal",
                "nullable": "YES",
                "max_length": null
            }
        ],
        "primary_keys": [
            "orderid",
            "orderid",
            "orderid",
            "orderid",
            "orderid"
        ],
        "foreign_keys": [
            {
                "column": "customer_key",
                "references": {
                    "table": "customer",
                    "column": "customer_key"
                }
            },
            {
                "column": "customer_key",
                "references": {
                    "table": "customer",
                    "column": "customer_key"
                }
            },
            {
                "column": "customer_key",
                "references": {
                    "table": "customer",
                    "column": "customer_key"
                }
            },
            {
                "column": "customer_key",
                "references": {
                    "table": "customer",
                    "column": "customer_key"
                }
            },
            {
                "column": "customer_key",
                "references": {
                    "table": "customer",
                    "column": "customer_key"
                }
            }
        ]
    }
}