[
  {
    "QueryNumber": 1,
    "SourceQuery": "",
    "TargetQuery": "",
    "SrcSchemaName": "dbo",
    "DestSchemaName": "dbo",
    "SourceTable": "dbo",
    "DestTableName": "",
    "Status": "Error",
    "Data": {
      "error_message": "('42000', \"[42000] [Microsoft][ODBC Driver 17 for SQL Server][SQL Server]Incorrect syntax near the keyword 'Database'. (156) (SQLExecDirectW)\")"
    }
  },
  {
    "QueryNumber": 2,
    "SourceQuery": "",
    "TargetQuery": "",
    "SrcSchemaName": "dbo",
    "DestSchemaName": "dbo",
    "SourceTable": "dbo",
    "DestTableName": "",
    "Status": "Fail",
    "Data": [
      {
        "": 4
      }
    ]
  },
  {
    "QueryNumber": 3,
    "SourceQuery": "",
    "TargetQuery": "",
    "SrcSchemaName": "dbo",
    "DestSchemaName": "dbo",
    "SourceTable": "dbo",
    "DestTableName": "dbo",
    "Status": "Fail",
    "Data": [
      {
        "customer_key": 1,
        "name": "John Doe",
        "phone": "123-456-7890",
        "email_id": "john.doe@example.com"
      }
    ]
  },
  {
    "QueryNumber": 4,
    "SourceQuery": "",
    "TargetQuery": "",
    "SrcSchemaName": "dbo",
    "DestSchemaName": "dbo",
    "SourceTable": "dbo",
    "DestTableName": "dbo",
    "Status": "Fail",
    "Data": [
      {
        "orderid": 3,
        "customer_key": 3,
        "order_amount": 75.0,
        "item_quantity": 1,
        "price": 75.0
      }
    ]
  },
  {
    "QueryNumber": 5,
    "SourceQuery": "",
    "TargetQuery": "",
    "SrcSchemaName": "dbo",
    "DestSchemaName": "dbo",
    "SourceTable": "dbo",
    "DestTableName": "",
    "Status": "Fail",
    "Data": [
      {
        "customer_key": 1,
        "name": "John Doe",
        "phone": "123-456-7890",
        "email_id": "john.doe@example.com"
      },
      {
        "customer_key": 2,
        "name": "Jane Smith",
        "phone": "987-654-3210",
        "email_id": "jane.smith@example.com"
      },
      {
        "customer_key": 3,
        "name": "Alice Johnson",
        "phone": "555-123-4567",
        "email_id": "alice.johnson@example.com"
      },
      {
        "customer_key": 4,
        "name": "Bob Brown",
        "phone": "444-987-6543",
        "email_id": "bob.brown@example.com"
      }
    ]
  },
  {
    "QueryNumber": 6,
    "SourceQuery": "",
    "TargetQuery": "",
    "SrcSchemaName": "dbo",
    "DestSchemaName": "dbo",
    "SourceTable": "dbo",
    "DestTableName": "",
    "Status": "Fail",
    "Data": [
      {
        "orderid": 1,
        "customer_key": 1,
        "order_amount": 150.0,
        "item_quantity": 3,
        "price": 50.0
      },
      {
        "orderid": 2,
        "customer_key": 2,
        "order_amount": 200.0,
        "item_quantity": 4,
        "price": 50.0
      },
      {
        "orderid": 3,
        "customer_key": 3,
        "order_amount": 75.0,
        "item_quantity": 1,
        "price": 75.0
      },
      {
        "orderid": 4,
        "customer_key": 4,
        "order_amount": 300.0,
        "item_quantity": 6,
        "price": 50.0
      }
    ]
  },
  {
    "QueryNumber": 7,
    "SourceQuery": "",
    "TargetQuery": "",
    "SrcSchemaName": "dbo",
    "DestSchemaName": "dbo",
    "SourceTable": "",
    "DestTableName": "dbo",
    "Status": "Error",
    "Data": {
      "error_message": "('42000', \"[42000] [Microsoft][ODBC Driver 17 for SQL Server][SQL Server]Incorrect syntax near the keyword 'Database'. (156) (SQLExecDirectW)\")"
    }
  },
  {
    "QueryNumber": 8,
    "SourceQuery": "",
    "TargetQuery": "",
    "SrcSchemaName": "dbo",
    "DestSchemaName": "dbo",
    "SourceTable": "",
    "DestTableName": "dbo",
    "Status": "Fail",
    "Data": [
      {
        "": 5
      }
    ]
  },
  {
    "QueryNumber": 9,
    "SourceQuery": "",
    "TargetQuery": "",
    "SrcSchemaName": "dbo",
    "DestSchemaName": "dbo",
    "SourceTable": "dbo",
    "DestTableName": "dbo",
    "Status": "Fail",
    "Data": [
      {
        "customer_key": 1,
        "name": "John Doe",
        "phone": "123-456-7890",
        "email_id": null
      },
      {
        "customer_key": 5,
        "name": "Charlie Davis",
        "phone": "333-555-7890",
        "email_id": null
      }
    ]
  },
  {
    "QueryNumber": 10,
    "SourceQuery": "",
    "TargetQuery": "",
    "SrcSchemaName": "dbo",
    "DestSchemaName": "dbo",
    "SourceTable": "dbo",
    "DestTableName": "dbo",
    "Status": "Fail",
    "Data": [
      {
        "orderid": 3,
        "customer_key": 3,
        "order_amount": 75.0,
        "item_quantity": 0,
        "price": 0.0
      },
      {
        "orderid": 5,
        "customer_key": 5,
        "order_amount": 125.0,
        "item_quantity": 5,
        "price": 25.0
      }
    ]
  },
  {
    "QueryNumber": 11,
    "SourceQuery": "",
    "TargetQuery": "",
    "SrcSchemaName": "dbo",
    "DestSchemaName": "dbo",
    "SourceTable": "",
    "DestTableName": "dbo",
    "Status": "Fail",
    "Data": [
      {
        "customer_key": 1,
        "name": "John Doe",
        "phone": "123-456-7890",
        "email_id": null
      },
      {
        "customer_key": 2,
        "name": "Jane Smith",
        "phone": "987-654-3210",
        "email_id": "jane.smith@example.com"
      },
      {
        "customer_key": 3,
        "name": "Alice Johnson",
        "phone": "555-123-4567",
        "email_id": "alice.johnson@example.com"
      },
      {
        "customer_key": 4,
        "name": "Bob Brown",
        "phone": "444-987-6543",
        "email_id": "bob.brown@example.com"
      },
      {
        "customer_key": 5,
        "name": "Charlie Davis",
        "phone": "333-555-7890",
        "email_id": null
      }
    ]
  },
  {
    "QueryNumber": 12,
    "SourceQuery": "",
    "TargetQuery": "",
    "SrcSchemaName": "dbo",
    "DestSchemaName": "dbo",
    "SourceTable": "",
    "DestTableName": "dbo",
    "Status": "Fail",
    "Data": [
      {
        "orderid": 1,
        "customer_key": 1,
        "order_amount": 150.0,
        "item_quantity": 3,
        "price": 50.0
      },
      {
        "orderid": 2,
        "customer_key": 2,
        "order_amount": 200.0,
        "item_quantity": 4,
        "price": 50.0
      },
      {
        "orderid": 3,
        "customer_key": 3,
        "order_amount": 75.0,
        "item_quantity": 0,
        "price": 0.0
      },
      {
        "orderid": 4,
        "customer_key": 4,
        "order_amount": 300.0,
        "item_quantity": 6,
        "price": 50.0
      },
      {
        "orderid": 5,
        "customer_key": 5,
        "order_amount": 125.0,
        "item_quantity": 5,
        "price": 25.0
      }
    ]
  }
]