[
  {
    "QueryNumber": 1,
    "SourceQuery": "SELECT COUNT(*) FROM postmigration.dbo.customer",
    "TargetQuery": "SELECT COUNT(*) FROM postmigrationd.dbo.customer",
    "SrcDatabaseName": "postmigration",
    "DestDatabaseName": "postmigrationd",
    "SrcSchemaName": "dbo",
    "DestSchemaName": "dbo",
    "SourceTable": "customer",
    "DestTableName": "customer"
  },
  {
    "QueryNumber": 2,
    "SourceQuery": "SELECT COUNT(*) FROM postmigration.dbo.orders",
    "TargetQuery": "SELECT COUNT(*) FROM postmigrationd.dbo.orders",
    "SrcDatabaseName": "postmigration",
    "DestDatabaseName": "postmigrationd",
    "SrcSchemaName": "dbo",
    "DestSchemaName": "dbo",
    "SourceTable": "orders",
    "DestTableName": "orders"
  }
]