{
    "generated_data": "```json\n[\n  {\n    \"SourceQuery\": \"SELECT COUNT(*) FROM dbo.customer\",\n    \"TargetQuery\": \"SELECT COUNT(*) FROM dbo.customer\",\n    \"SrcDatabaseName\": \"postmigration\",\n    \"DestDatabaseName\": \"postmigrationd\",\n    \"SrcSchemaName\": \"dbo\",\n    \"DestSchemaName\": \"dbo\",\n    \"SourceTable\": \"customer\",\n    \"DestTableName\": \"customer\",\n    \"ValidationType\": \"Row-level\",\n    \"ValidationSubType\": \"Record Count\"\n  },\n  {\n    \"SourceQuery\": \"SELECT customer_key FROM dbo.customer\",\n    \"TargetQuery\": \"SELECT customer_key FROM dbo.customer\",\n    \"SrcDatabaseName\": \"postmigration\",\n    \"DestDatabaseName\": \"postmigrationd\",\n    \"SrcSchemaName\": \"dbo\",\n    \"DestSchemaName\": \"dbo\",\n    \"SourceTable\": \"customer\",\n    \"DestTableName\": \"customer\",\n    \"ValidationType\": \"Row-level\",\n    \"ValidationSubType\": \"Primary Key\"\n  },\n  {\n    \"SourceQuery\": \"SELECT COUNT(*) FROM dbo.orders\",\n    \"TargetQuery\": \"SELECT COUNT(*) FROM dbo.orders\",\n    \"SrcDatabaseName\": \"postmigration\",\n    \"DestDatabaseName\": \"postmigrationd\",\n    \"SrcSchemaName\": \"dbo\",\n    \"DestSchemaName\": \"dbo\",\n    \"SourceTable\": \"orders\",\n    \"DestTableName\": \"orders\",\n    \"ValidationType\": \"Row-level\",\n    \"ValidationSubType\": \"Record Count\"\n  },\n  {\n    \"SourceQuery\": \"SELECT orderid FROM dbo.orders\",\n    \"TargetQuery\": \"SELECT orderid FROM dbo.orders\",\n    \"SrcDatabaseName\": \"postmigration\",\n    \"DestDatabaseName\": \"postmigrationd\",\n    \"SrcSchemaName\": \"dbo\",\n    \"DestSchemaName\": \"dbo\",\n    \"SourceTable\": \"orders\",\n    \"DestTableName\": \"orders\",\n    \"ValidationType\": \"Row-level\",\n    \"ValidationSubType\": \"Primary Key\"\n  },\n  {\n    \"SourceQuery\": \"SELECT customer_key, TYPE_NAME(customer_key) FROM dbo.customer\",\n    \"TargetQuery\": \"SELECT customer_key, TYPE_NAME(customer_key) FROM dbo.customer\",\n    \"SrcDatabaseName\": \"postmigration\",\n    \"DestDatabaseName\": \"postmigrationd\",\n    \"SrcSchemaName\": \"dbo\",\n    \"DestSchemaName\": \"dbo\",\n    \"SourceTable\": \"customer\",\n    \"DestTableName\": \"customer\",\n    \"ValidationType\": \"Column-level\",\n    \"ValidationSubType\": \"Data Type\",\n    \"ColumnName\": \"customer_key\"\n  },\n  {\n    \"SourceQuery\": \"SELECT name, TYPE_NAME(name) FROM dbo.customer\",\n    \"TargetQuery\": \"SELECT name, TYPE_NAME(name) FROM dbo.customer\",\n    \"SrcDatabaseName\": \"postmigration\",\n    \"DestDatabaseName\": \"postmigrationd\",\n    \"SrcSchemaName\": \"dbo\",\n    \"DestSchemaName\": \"dbo\",\n    \"SourceTable\": \"customer\",\n    \"DestTableName\": \"customer\",\n    \"ValidationType\": \"Column-level\",\n    \"ValidationSubType\": \"Data Type\",\n    \"ColumnName\": \"name\"\n  },\n  {\n    \"SourceQuery\": \"SELECT phone, TYPE_NAME(phone) FROM dbo.customer\",\n    \"TargetQuery\": \"SELECT phone, TYPE_NAME(phone) FROM dbo.customer\",\n    \"SrcDatabaseName\": \"postmigration\",\n    \"DestDatabaseName\": \"postmigrationd\",\n    \"SrcSchemaName\": \"dbo\",\n    \"DestSchemaName\": \"dbo\",\n    \"SourceTable\": \"customer\",\n    \"DestTableName\": \"customer\",\n    \"ValidationType\": \"Column-level\",\n    \"ValidationSubType\": \"Data Type\",\n    \"ColumnName\": \"phone\"\n  },\n  {\n    \"SourceQuery\": \"SELECT email_id, TYPE_NAME(email_id) FROM dbo.customer\",\n    \"TargetQuery\": \"SELECT email_id, TYPE_NAME(email_id) FROM dbo.customer\",\n    \"SrcDatabaseName\": \"postmigration\",\n    \"DestDatabaseName\": \"postmigrationd\",\n    \"SrcSchemaName\": \"dbo\",\n    \"DestSchemaName\": \"dbo\",\n    \"SourceTable\": \"customer\",\n    \"DestTableName\": \"customer\",\n    \"ValidationType\": \"Column-level\",\n    \"ValidationSubType\": \"Data Type\",\n    \"ColumnName\": \"email_id\"\n  },\n  {\n    \"SourceQuery\": \"SELECT orderid, TYPE_NAME(orderid) FROM dbo.orders\",\n    \"TargetQuery\": \"SELECT orderid, TYPE_NAME(orderid) FROM dbo.orders\",\n    \"SrcDatabaseName\": \"postmigration\",\n    \"DestDatabaseName\": \"postmigrationd\",\n    \"SrcSchemaName\": \"dbo\",\n    \"DestSchemaName\": \"dbo\",\n    \"SourceTable\": \"orders\",\n    \"DestTableName\": \"orders\",\n    \"ValidationType\": \"Column-level\",\n    \"ValidationSubType\": \"Data Type\",\n    \"ColumnName\": \"orderid\"\n  },\n  {\n    \"SourceQuery\": \"SELECT customer_key, TYPE_NAME(customer_key) FROM dbo.orders\",\n    \"TargetQuery\": \"SELECT customer_key, TYPE_NAME(customer_key) FROM dbo.orders\",\n    \"SrcDatabaseName\": \"postmigration\",\n    \"DestDatabaseName\": \"postmigrationd\",\n    \"SrcSchemaName\": \"dbo\",\n    \"DestSchemaName\": \"dbo\",\n    \"SourceTable\": \"orders\",\n    \"DestTableName\": \"orders\",\n    \"ValidationType\": \"Column-level\",\n    \"ValidationSubType\": \"Data Type\",\n    \"ColumnName\": \"customer_key\"\n  },\n  {\n    \"SourceQuery\": \"SELECT order_amount, TYPE_NAME(order_amount) FROM dbo.orders\",\n    \"TargetQuery\": \"SELECT order_amount, TYPE_NAME(order_amount) FROM dbo.orders\",\n    \"SrcDatabaseName\": \"postmigration\",\n    \"DestDatabaseName\": \"postmigrationd\",\n    \"SrcSchemaName\": \"dbo\",\n    \"DestSchemaName\": \"dbo\",\n    \"SourceTable\": \"orders\",\n    \"DestTableName\": \"orders\",\n    \"ValidationType\": \"Column-level\",\n    \"ValidationSubType\": \"Data Type\",\n    \"ColumnName\": \"order_amount\"\n  },\n  {\n    \"SourceQuery\": \"SELECT item_quantity, TYPE_NAME(item_quantity) FROM dbo.orders\",\n    \"TargetQuery\": \"SELECT item_quantity, TYPE_NAME(item_quantity) FROM dbo.orders\",\n    \"SrcDatabaseName\": \"postmigration\",\n    \"DestDatabaseName\": \"postmigrationd\",\n    \"SrcSchemaName\": \"dbo\",\n    \"DestSchemaName\": \"dbo\",\n    \"SourceTable\": \"orders\",\n    \"DestTableName\": \"orders\",\n    \"ValidationType\": \"Column-level\",\n    \"ValidationSubType\": \"Data Type\",\n    \"ColumnName\": \"item_quantity\"\n  },\n  {\n    \"SourceQuery\": \"SELECT price, TYPE_NAME(price) FROM dbo.orders\",\n    \"TargetQuery\": \"SELECT price, TYPE_NAME(price) FROM dbo.orders\",\n    \"SrcDatabaseName\": \"postmigration\",\n    \"DestDatabaseName\": \"postmigrationd\",\n    \"SrcSchemaName\": \"dbo\",\n    \"DestSchemaName\": \"dbo\",\n    \"SourceTable\": \"orders\",\n    \"DestTableName\": \"orders\",\n    \"ValidationType\": \"Column-level\",\n    \"ValidationSubType\": \"Data Type\",\n    \"ColumnName\": \"price\"\n  },\n  {\n    \"SourceQuery\": \"SELECT customer_key, CASE WHEN name IS NULL THEN 1 ELSE 0 END as is_null FROM dbo.customer\",\n    \"TargetQuery\": \"SELECT customer_key, CASE WHEN name IS NULL THEN 1 ELSE 0 END as is_null FROM dbo.customer\",\n    \"SrcDatabaseName\": \"postmigration\",\n    \"DestDatabaseName\": \"postmigrationd\",\n    \"SrcSchemaName\": \"dbo\",\n    \"DestSchemaName\": \"dbo\",\n    \"SourceTable\": \"customer\",\n    \"DestTableName\": \"customer\",\n    \"ValidationType\": \"Column-level\",\n    \"ValidationSubType\": \"Null Value\",\n    \"ColumnName\": \"name\"\n  },\n  {\n    \"SourceQuery\": \"SELECT customer_key, CASE WHEN phone IS NULL THEN 1 ELSE 0 END as is_null FROM dbo.customer\",\n    \"TargetQuery\": \"SELECT customer_key, CASE WHEN phone IS NULL THEN 1 ELSE 0 END as is_null FROM dbo.customer\",\n    \"SrcDatabaseName\": \"postmigration\",\n    \"DestDatabaseName\": \"postmigrationd\",\n    \"SrcSchemaName\": \"dbo\",\n    \"DestSchemaName\": \"dbo\",\n    \"SourceTable\": \"customer\",\n    \"DestTableName\": \"customer\",\n    \"ValidationType\": \"Column-level\",\n    \"ValidationSubType\": \"Null Value\",\n    \"ColumnName\": \"phone\"\n  },\n  {\n    \"SourceQuery\": \"SELECT customer_key, CASE WHEN email_id IS NULL THEN 1 ELSE 0 END as is_null FROM dbo.customer\",\n    \"TargetQuery\": \"SELECT customer_key, CASE WHEN email_id IS NULL THEN 1 ELSE 0 END as is_null FROM dbo.customer\",\n    \"SrcDatabaseName\": \"postmigration\",\n    \"DestDatabaseName\": \"postmigrationd\",\n    \"SrcSchemaName\": \"dbo\",\n    \"DestSchemaName\": \"dbo\",\n    \"SourceTable\": \"customer\",\n    \"DestTableName\": \"customer\",\n    \"ValidationType\": \"Column-level\",\n    \"ValidationSubType\": \"Null Value\",\n    \"ColumnName\": \"email_id\"\n  },\n  {\n    \"SourceQuery\": \"SELECT customer_key, CASE WHEN order_amount IS NULL THEN 1 ELSE 0 END as is_null FROM dbo.orders\",\n    \"TargetQuery\": \"SELECT customer_key, CASE WHEN order_amount IS NULL THEN 1 ELSE 0 END as is_null FROM dbo.orders\",\n    \"SrcDatabaseName\": \"postmigration\",\n    \"DestDatabaseName\": \"postmigrationd\",\n    \"SrcSchemaName\": \"dbo\",\n    \"DestSchemaName\": \"dbo\",\n    \"SourceTable\": \"orders\",\n    \"DestTableName\": \"orders\",\n    \"ValidationType\": \"Column-level\",\n    \"ValidationSubType\": \"Null Value\",\n    \"ColumnName\": \"order_amount\"\n  },\n  {\n    \"SourceQuery\": \"SELECT customer_key, CASE WHEN item_quantity IS NULL THEN 1 ELSE 0 END as is_null FROM dbo.orders\",\n    \"TargetQuery\": \"SELECT customer_key, CASE WHEN item_quantity IS NULL THEN 1 ELSE 0 END as is_null FROM dbo.orders\",\n    \"SrcDatabaseName\": \"postmigration\",\n    \"DestDatabaseName\": \"postmigrationd\",\n    \"SrcSchemaName\": \"dbo\",\n    \"DestSchemaName\": \"dbo\",\n    \"SourceTable\": \"orders\",\n    \"DestTableName\": \"orders\",\n    \"ValidationType\": \"Column-level\",\n    \"ValidationSubType\": \"Null Value\",\n    \"ColumnName\": \"item_quantity\"\n  },\n  {\n    \"SourceQuery\": \"SELECT customer_key, CASE WHEN price IS NULL THEN 1 ELSE 0 END as is_null FROM dbo.orders\",\n    \"TargetQuery\": \"SELECT customer_key, CASE WHEN price IS NULL THEN 1 ELSE 0 END as is_null FROM dbo.orders\",\n    \"SrcDatabaseName\": \"postmigration\",\n    \"DestDatabaseName\": \"postmigrationd\",\n    \"SrcSchemaName\": \"dbo\",\n    \"DestSchemaName\": \"dbo\",\n    \"SourceTable\": \"orders\",\n    \"DestTableName\": \"orders\",\n    \"ValidationType\": \"Column-level\",\n    \"ValidationSubType\": \"Null Value\",\n    \"ColumnName\": \"price\"\n  },\n  {\n    \"SourceQuery\": \"SELECT * FROM INFORMATION_SCHEMA.COLUMNS WHERE TABLE_NAME = 'customer' AND TABLE_SCHEMA = 'dbo'\",\n    \"TargetQuery\": \"SELECT * FROM INFORMATION_SCHEMA.COLUMNS WHERE TABLE_NAME = 'customer' AND TABLE_SCHEMA = 'dbo'\",\n    \"SrcDatabaseName\": \"postmigration\",\n    \"DestDatabaseName\": \"postmigrationd\",\n    \"SrcSchemaName\": \"dbo\",\n    \"DestSchemaName\": \"dbo\",\n    \"SourceTable\": \"customer\",\n    \"DestTableName\": \"customer\",\n    \"ValidationType\": \"Table-level\",\n    \"ValidationSubType\": \"Schema\"\n  },\n  {\n    \"SourceQuery\": \"SELECT * FROM INFORMATION_SCHEMA.COLUMNS WHERE TABLE_NAME = 'orders' AND TABLE_SCHEMA = 'dbo'\",\n    \"TargetQuery\": \"SELECT * FROM INFORMATION_SCHEMA.COLUMNS WHERE TABLE_NAME = 'orders' AND TABLE_SCHEMA = 'dbo'\",\n    \"SrcDatabaseName\": \"postmigration\",\n    \"DestDatabaseName\": \"postmigrationd\",\n    \"SrcSchemaName\": \"dbo\",\n    \"DestSchemaName\": \"dbo\",\n    \"SourceTable\": \"orders\",\n    \"DestTableName\": \"orders\",\n    \"ValidationType\": \"Table-level\",\n    \"ValidationSubType\": \"Schema\"\n  },\n  {\n    \"SourceQuery\": \"SELECT o.orderid FROM dbo.orders o LEFT JOIN dbo.customer c ON o.customer_key = c.customer_key WHERE c.customer_key IS NULL\",\n    \"TargetQuery\": \"SELECT o.orderid FROM dbo.orders o LEFT JOIN dbo.customer c ON o.customer_key = c.customer_key WHERE c.customer_key IS NULL\",\n    \"SrcDatabaseName\": \"postmigration\",\n    \"DestDatabaseName\": \"postmigrationd\",\n    \"SrcSchemaName\": \"dbo\",\n    \"DestSchemaName\": \"dbo\",\n    \"SourceTable\": \"orders\",\n    \"DestTableName\": \"orders\",\n    \"ValidationType\": \"Table-level\",\n    \"ValidationSubType\": \"Foreign Key\"\n  }\n]\n```\n"
}